sec_idx,loc,pop_idx
101,0.07,0
101,0.346,0
101,0.372,0
101,0.513,0
101,0.528,0
101,0.541,0
101,0.577,0
101,0.579,0
101,0.85,0
101,0.859,0
101,0.926,0
101,0.945,0
137,0.262,0
137,0.361,0
137,0.505,0
137,0.644,0
137,0.981,0
149,0.162,0
149,0.64,0
149,0.736,0
149,0.86,0
149,0.872,0
149,0.895,0
151,0.081,0
151,0.187,0
151,0.194,0
151,0.228,0
151,0.322,0
151,0.918,0
158,0.281,0
158,0.288,0
158,0.346,0
158,0.4,0
158,0.433,0
158,0.445,0
158,0.497,0
158,0.618,0
158,0.734,0
158,0.868,0
158,0.981,0
